file_name,segment_or_group,id,parent,relname,type,text
GUM_conversation_christmas,segment,1,242,span,,That 's to Judy .
GUM_conversation_christmas,segment,2,248,span,,You probably have one like it already .
GUM_conversation_christmas,segment,3,249,restatement-repetition,,I do n't know .
GUM_conversation_christmas,segment,4,249,restatement-repetition,,I do n't know .
GUM_conversation_christmas,segment,5,250,organization-phatic,,"They show the uh – ,"
GUM_conversation_christmas,segment,6,250,joint-list,,"some are l- lent ,"
GUM_conversation_christmas,segment,7,8,organization-phatic,,and some are —
GUM_conversation_christmas,segment,8,253,span,,are gifts .
GUM_conversation_christmas,segment,9,253,elaboration-additional,,To a museum .
GUM_conversation_christmas,segment,10,255,restatement-repetition,,Oh .
GUM_conversation_christmas,segment,11,255,restatement-repetition,,Oh yeah .
GUM_conversation_christmas,segment,12,258,span,,Back here it tells you .
GUM_conversation_christmas,segment,13,12,organization-phatic,,Mhm .
GUM_conversation_christmas,segment,14,256,span,,Where they came from .
GUM_conversation_christmas,segment,15,16,organization-phatic,,Oh Mom .
GUM_conversation_christmas,segment,16,259,span,,"Oh no , I do n't have this one ."
GUM_conversation_christmas,segment,17,18,organization-phatic,,Oh good .
GUM_conversation_christmas,segment,18,260,span,,Joseph Campbell ?
GUM_conversation_christmas,segment,19,20,organization-phatic,,Mhm .
GUM_conversation_christmas,segment,20,264,span,,Oh yeah .
GUM_conversation_christmas,segment,21,265,joint-list,,Oh this 'll be great .
GUM_conversation_christmas,segment,22,266,span,,"He 's wonderful , hunh ."
GUM_conversation_christmas,segment,23,267,organization-phatic,,"I mean ,"
GUM_conversation_christmas,segment,24,25,organization-phatic,,he –
GUM_conversation_christmas,segment,25,267,span,,he 's dead now .
GUM_conversation_christmas,segment,26,27,organization-phatic,,Yeah .
GUM_conversation_christmas,segment,27,270,span,,He died .
GUM_conversation_christmas,segment,28,29,evaluation-comment,,"Oh , this is great ."
GUM_conversation_christmas,segment,29,271,span,,Joseph Campbell .
GUM_conversation_christmas,segment,30,272,topic-question,,I 'm just interested in when did she get that .
GUM_conversation_christmas,segment,31,278,span,,"Oh I got lot of these presents ,"
GUM_conversation_christmas,segment,32,31,organization-phatic,,"you know ,"
GUM_conversation_christmas,segment,33,272,same-unit,,just along the way .
GUM_conversation_christmas,segment,34,273,organization-phatic,,Yeah .
GUM_conversation_christmas,segment,35,274,restatement-partial,,That 's — on the way .
GUM_conversation_christmas,segment,36,279,span,,Cause I do n't wait till Christmas
GUM_conversation_christmas,segment,37,36,purpose-goal,,to buy everything .
GUM_conversation_christmas,segment,38,280,span,,There are there are mysteries in this house
GUM_conversation_christmas,segment,39,38,elaboration-attribute,,that I 'm not even aware of .
GUM_conversation_christmas,segment,40,281,joint-list,,Okay .
GUM_conversation_christmas,segment,41,281,joint-list,,Well –
GUM_conversation_christmas,segment,42,282,span,,Open this one .
GUM_conversation_christmas,segment,43,42,elaboration-additional,,From the gel- uh the elves .
GUM_conversation_christmas,segment,44,285,topic-question,,"Oh , to Dan ?"
GUM_conversation_christmas,segment,45,46,organization-preparation,,Sa- me too .
GUM_conversation_christmas,segment,46,285,span,,To Dan from Santa .
GUM_conversation_christmas,segment,47,287,joint-list,,Mhm .
GUM_conversation_christmas,segment,48,287,joint-list,,Oh .
GUM_conversation_christmas,segment,49,288,span,,"And this one is , to Dad , From Judy ."
GUM_conversation_christmas,segment,50,51,organization-phatic,,Oh .
GUM_conversation_christmas,segment,51,291,span,,Guess what that is !
GUM_conversation_christmas,segment,52,292,restatement-repetition,,"Oh , guess what !"
GUM_conversation_christmas,segment,53,293,span,,That is Dad .
GUM_conversation_christmas,segment,54,295,joint-list,,Oh .
GUM_conversation_christmas,segment,55,295,joint-list,,Okay .
GUM_conversation_christmas,segment,56,296,restatement-repetition,,Look up .
GUM_conversation_christmas,segment,57,296,restatement-repetition,,Look up babe .
GUM_conversation_christmas,segment,58,297,joint-list,,Wait .
GUM_conversation_christmas,segment,59,60,topic-solutionhood,,I would 've had trouble figuring out what this one is .
GUM_conversation_christmas,segment,60,298,span,,There we go .
GUM_conversation_christmas,segment,61,300,joint-list,,Okay .
GUM_conversation_christmas,segment,62,300,joint-list,,Now it — shall we wait to uh —
GUM_conversation_christmas,segment,63,301,restatement-repetition,,Wait .
GUM_conversation_christmas,segment,64,301,restatement-repetition,,Wait .
GUM_conversation_christmas,segment,65,303,span,,There 's another one for Dad down there .
GUM_conversation_christmas,segment,66,65,elaboration-additional,,That red one .
GUM_conversation_christmas,segment,67,307,joint-list,,Oh .
GUM_conversation_christmas,segment,68,307,joint-list,,Yeah .
GUM_conversation_christmas,segment,69,308,span,,"Oh Dad , from Judy ."
GUM_conversation_christmas,segment,70,309,joint-list,,Oh wow .
GUM_conversation_christmas,segment,71,309,joint-list,,"Oh , alright ."
GUM_conversation_christmas,segment,72,310,span,,Just what you 've always needed .
GUM_conversation_christmas,segment,73,313,explanation-justify,,You must 've seen my other one .
GUM_conversation_christmas,segment,74,313,joint-list,,"My other one is tearing ,"
GUM_conversation_christmas,segment,75,313,joint-list,,and falling apart .
GUM_conversation_christmas,segment,76,314,organization-phatic,,Oh yeah ?
GUM_conversation_christmas,segment,77,317,joint-disjunction,,I 've only had it for at least twelve years .
GUM_conversation_christmas,segment,78,318,span,,Probably more .
GUM_conversation_christmas,segment,79,78,elaboration-additional,,Probably more like fifteen years .
GUM_conversation_christmas,segment,80,319,span,,Good .
GUM_conversation_christmas,segment,81,80,explanation-evidence,,I 'm gon na go transfer the keys into this one .
GUM_conversation_christmas,segment,82,320,joint-list,,Oh great .
GUM_conversation_christmas,segment,83,320,joint-list,,"Oh , this is good ."
GUM_conversation_christmas,segment,84,321,span,,"Look , it 's a bread baking pan ."
GUM_conversation_christmas,segment,85,321,organization-phatic,,Oh alright .
GUM_conversation_christmas,segment,86,322,evaluation-comment,,Yeah this is — this is great .
GUM_conversation_christmas,segment,87,327,joint-other,,"Now , That 's from Mrs. Santa ."
GUM_conversation_christmas,segment,88,327,joint-other,,You can bake bread in that .
GUM_conversation_christmas,segment,89,324,evaluation-comment,,"Oh , this is great ."
GUM_conversation_christmas,segment,90,328,span,,Stainless steel ?
GUM_conversation_christmas,segment,91,90,organization-phatic,,Hmm ?
GUM_conversation_christmas,segment,92,329,span,,Yep .
GUM_conversation_christmas,segment,93,94,organization-phatic,,Stai- –
GUM_conversation_christmas,segment,94,331,span,,"Stainless , unhunh ."
GUM_conversation_christmas,segment,95,332,joint-list,,Oh .
GUM_conversation_christmas,segment,96,332,joint-list,,Well ?
GUM_conversation_christmas,segment,97,333,span,,You 'd better wear it too .
GUM_conversation_christmas,segment,98,333,evaluation-comment,,Uh-oh .
GUM_conversation_christmas,segment,99,335,restatement-repetition,,You 'd better wear it .
GUM_conversation_christmas,segment,100,344,span,,Gosh .
GUM_conversation_christmas,segment,101,100,organization-phatic,,Hmm ?
GUM_conversation_christmas,segment,102,345,joint-list,,Look at this .
GUM_conversation_christmas,segment,103,345,joint-list,,Oh wow .
GUM_conversation_christmas,segment,104,105,contingency-condition,,"If you do n't ,"
GUM_conversation_christmas,segment,105,346,span,,I will .
GUM_conversation_christmas,segment,106,338,span,,"Yeah , now that I can wear ."
GUM_conversation_christmas,segment,107,108,topic-question,,Will you ?
GUM_conversation_christmas,segment,108,347,span,,Yeah .
GUM_conversation_christmas,segment,109,110,causal-cause,,Cause I know
GUM_conversation_christmas,segment,110,348,span,,you do n't wear sweatshirts .
GUM_conversation_christmas,segment,111,350,span,,She 's been saying for months
GUM_conversation_christmas,segment,112,111,elaboration-additional,,that you would never wear it .
GUM_conversation_christmas,segment,113,351,contingency-condition,,If he does n't —
GUM_conversation_christmas,segment,114,115,organization-phatic,,I 'll —
GUM_conversation_christmas,segment,115,351,span,,I will .
GUM_conversation_christmas,segment,116,353,span,,I 'll at least wear it once .
GUM_conversation_christmas,segment,117,353,context-background,,I hope you like yellow .
GUM_conversation_christmas,segment,118,359,span,,I have one the same .
GUM_conversation_christmas,segment,119,360,topic-question,,You do ?
GUM_conversation_christmas,segment,120,362,span,,I — I shrunk it down already .
GUM_conversation_christmas,segment,121,120,organization-phatic,,Yeah .
GUM_conversation_christmas,segment,122,363,span,,Cause it was really huge .
GUM_conversation_christmas,segment,123,122,context-circumstance,,When I bought it .
GUM_conversation_christmas,segment,124,125,attribution-positive,,"But , I thought"
GUM_conversation_christmas,segment,125,364,span,,that 's the largest size they have .
GUM_conversation_christmas,segment,126,127,organization-phatic,,So .
GUM_conversation_christmas,segment,127,365,span,,That 's big enough .
GUM_conversation_christmas,segment,128,129,organization-preparation,,Wow look at this !
GUM_conversation_christmas,segment,129,369,span,,That big enough ?
GUM_conversation_christmas,segment,130,370,span,,Yeah .
GUM_conversation_christmas,segment,131,368,joint-other,,Thank you very much .
GUM_conversation_christmas,segment,132,133,organization-phatic,,Yeah .
GUM_conversation_christmas,segment,133,371,span,,It 'll keep you warm .
GUM_conversation_christmas,segment,134,372,joint-list,,Looks good on you .
GUM_conversation_christmas,segment,135,373,span,,There might be a little conflict of interest .
GUM_conversation_christmas,segment,136,135,organization-phatic,,Mhm .
GUM_conversation_christmas,segment,137,373,elaboration-additional,,That it does n't say Stanford over here .
GUM_conversation_christmas,segment,138,139,organization-phatic,,But the —
GUM_conversation_christmas,segment,139,376,span,,"Aw , so what ."
GUM_conversation_christmas,segment,140,377,joint-other,,That 's great .
GUM_conversation_christmas,segment,141,142,organization-phatic,,Oh .
GUM_conversation_christmas,segment,142,378,span,,Thanks Judy .
GUM_conversation_christmas,segment,143,144,organization-phatic,,Oh that 's —
GUM_conversation_christmas,segment,144,380,span,,Well thanks for this .
GUM_conversation_christmas,segment,145,146,organization-phatic,,This is —
GUM_conversation_christmas,segment,146,381,span,,"Oh , you needed that , huh ?"
GUM_conversation_christmas,segment,147,382,span,,Yeah .
GUM_conversation_christmas,segment,148,382,elaboration-additional,,I 'll make good use of this .
GUM_conversation_christmas,segment,149,150,organization-phatic,,Mm .
GUM_conversation_christmas,segment,150,384,span,,Okay .
GUM_conversation_christmas,segment,151,152,organization-phatic,,Mm .
GUM_conversation_christmas,segment,152,390,span,,Okay now .
GUM_conversation_christmas,segment,153,386,span,,Now what .
GUM_conversation_christmas,segment,154,153,organization-phatic,,Um .
GUM_conversation_christmas,segment,155,391,joint-sequence,,"In fact , what I 'll do , is I will take this sweater off ,"
GUM_conversation_christmas,segment,156,391,joint-sequence,,and put the —
GUM_conversation_christmas,segment,157,158,organization-phatic,,Oh yeah .
GUM_conversation_christmas,segment,158,392,span,,That 's a great idea .
GUM_conversation_christmas,segment,159,160,topic-question,,Well whose —
GUM_conversation_christmas,segment,160,393,span,,That one 's to Dad .
GUM_conversation_christmas,segment,161,162,organization-phatic,,What hon ?
GUM_conversation_christmas,segment,162,397,span,,Is n't it ?
GUM_conversation_christmas,segment,163,164,organization-phatic,,That 's —
GUM_conversation_christmas,segment,164,398,span,,Yeah .
GUM_conversation_christmas,segment,165,394,elaboration-additional,,From me .
GUM_conversation_christmas,segment,166,400,organization-phatic,,Oh .
GUM_conversation_christmas,segment,167,408,attribution-negative,,I do n't know
GUM_conversation_christmas,segment,168,408,joint-disjunction,,if he wanted to open that
GUM_conversation_christmas,segment,169,408,joint-disjunction,,"or not ,"
GUM_conversation_christmas,segment,170,408,joint-disjunction,,or not right now .
GUM_conversation_christmas,segment,171,402,span,,You wan na open this one from me ?
GUM_conversation_christmas,segment,172,409,joint-disjunction,,Right uh now ?
GUM_conversation_christmas,segment,173,409,joint-disjunction,,Or late- —
GUM_conversation_christmas,segment,174,404,restatement-repetition,,Wait till later .
GUM_conversation_christmas,segment,175,404,restatement-repetition,,I 'll wait till later .
GUM_conversation_christmas,segment,176,410,topic-question,,You know what it is ?
GUM_conversation_christmas,segment,177,178,organization-phatic,,Okay .
GUM_conversation_christmas,segment,178,410,span,,"Yeah , he picked it out ."
GUM_conversation_christmas,segment,179,180,organization-phatic,,Yeah .
GUM_conversation_christmas,segment,180,413,span,,Well Dad always picks .
GUM_conversation_christmas,segment,181,415,span,,I get a little picky on my shirts .
GUM_conversation_christmas,segment,182,181,evaluation-comment,,"Yeah , I know ."
GUM_conversation_christmas,segment,183,416,organization-phatic,,People decide to —
GUM_conversation_christmas,segment,184,185,contingency-condition,,"If it 's too small ,"
GUM_conversation_christmas,segment,185,416,span,,Mom can take it .
GUM_conversation_christmas,segment,186,187,explanation-justify,,"No , it 's not too small ."
GUM_conversation_christmas,segment,187,418,span,,It 's perfect .
GUM_conversation_christmas,segment,188,419,adversative-antithesis,,Is it too big ?
GUM_conversation_christmas,segment,189,421,organization-phatic,,Hm-m .
GUM_conversation_christmas,segment,190,421,span,,Get you some tights
GUM_conversation_christmas,segment,191,190,purpose-attribute,,to go underneath it .
GUM_conversation_christmas,segment,192,426,span,,"Been having too much of that rum fruitcake , kid ."
GUM_conversation_christmas,segment,193,192,restatement-partial,,Oh is it ?
GUM_conversation_christmas,segment,194,428,span,,Down at the back .
GUM_conversation_christmas,segment,195,194,restatement-partial,,Is it ?
GUM_conversation_christmas,segment,196,197,organization-phatic,,Hm .
GUM_conversation_christmas,segment,197,429,span,,Oh good .
GUM_conversation_christmas,segment,198,199,organization-phatic,,Yeah .
GUM_conversation_christmas,segment,199,432,span,,Fits good .
GUM_conversation_christmas,segment,200,201,organization-phatic,,Is it —
GUM_conversation_christmas,segment,201,433,span,,D- is it too small ?
GUM_conversation_christmas,segment,202,434,span,,"No , no ."
GUM_conversation_christmas,segment,203,437,span,,I still got room for another ten pounds .
GUM_conversation_christmas,segment,204,203,evaluation-comment,,Good .
GUM_conversation_christmas,segment,205,435,evaluation-comment,,You look good in it .
GUM_conversation_christmas,segment,206,438,span,,Now let me take a picture .
GUM_conversation_christmas,segment,207,440,organization-phatic,,Yeah .
GUM_conversation_christmas,segment,208,440,span,,I might just even wear that to work .
GUM_conversation_christmas,segment,209,208,mode-manner,,Without a tie .
GUM_conversation_christmas,segment,210,443,organization-phatic,,Okay .
GUM_conversation_christmas,segment,211,212,attribution-positive,,I think
GUM_conversation_christmas,segment,212,443,span,,you 'll have to wait on that one .
GUM_conversation_christmas,segment,213,214,organization-preparation,,There .
GUM_conversation_christmas,segment,214,445,span,,Got a good photo .
GUM_conversation_christmas,segment,215,446,restatement-repetition,,Alright .
GUM_conversation_christmas,segment,216,446,restatement-repetition,,Okay .
GUM_conversation_christmas,segment,217,447,span,,Are all the rest of these from Diana ?
GUM_conversation_christmas,segment,218,448,span,,"Uh , to Diana , and from — from Diana ."
GUM_conversation_christmas,segment,219,220,topic-question,,T- what ?
GUM_conversation_christmas,segment,220,452,span,,To D- —
GUM_conversation_christmas,segment,221,222,topic-question,,T- – what ?
GUM_conversation_christmas,segment,222,454,span,,"To Diana , and from Diana ."
GUM_conversation_christmas,segment,223,455,restatement-repetition,,Oh .
GUM_conversation_christmas,segment,224,455,restatement-repetition,,Oh I see .
GUM_conversation_christmas,segment,225,456,attribution-positive,,So I thought
GUM_conversation_christmas,segment,226,456,span,,"we 'd wait ,"
GUM_conversation_christmas,segment,227,460,joint-list,,to open her gifts and —
GUM_conversation_christmas,segment,228,460,joint-list,,And our gifts to her .
GUM_conversation_christmas,segment,229,457,organization-phatic,,Yeah .
GUM_conversation_christmas,segment,230,461,organization-phatic,,"Uh , she can —"
GUM_conversation_christmas,segment,231,461,span,,She ca n't open em
GUM_conversation_christmas,segment,232,231,context-circumstance,,till she gets here .
GUM_conversation_christmas,segment,233,462,causal-result,,"So , we 'll just wait , on ours ."
GUM_conversation_christmas,segment,234,464,span,,Oh here 's one
GUM_conversation_christmas,segment,235,234,elaboration-attribute,,you can open .
GUM_conversation_christmas,segment,236,464,organization-phatic,,Oh .
GUM_conversation_christmas,segment,237,468,topic-question,,"Well , who 's this from ?"
GUM_conversation_christmas,segment,238,469,span,,Now you can open that .
GUM_conversation_christmas,segment,239,238,context-circumstance,,Right now .
GUM_conversation_christmas,segment,240,470,span,,"To Judy , from Mom ."
GUM_conversation_christmas,segment,241,240,organization-phatic,,Mhm .
GUM_conversation_christmas,group,242,243,span,span,
GUM_conversation_christmas,group,243,244,span,span,
GUM_conversation_christmas,group,244,245,span,span,
GUM_conversation_christmas,group,245,246,span,span,
GUM_conversation_christmas,group,246,247,joint-other,span,
GUM_conversation_christmas,group,247,,,multinuc,
GUM_conversation_christmas,group,248,1,adversative-concession,span,
GUM_conversation_christmas,group,249,2,evaluation-comment,multinuc,
GUM_conversation_christmas,group,250,251,span,multinuc,
GUM_conversation_christmas,group,251,252,span,span,
GUM_conversation_christmas,group,252,242,context-background,span,
GUM_conversation_christmas,group,253,254,span,span,
GUM_conversation_christmas,group,254,250,joint-list,span,
GUM_conversation_christmas,group,255,256,organization-phatic,multinuc,
GUM_conversation_christmas,group,256,257,span,span,
GUM_conversation_christmas,group,257,251,explanation-evidence,span,
GUM_conversation_christmas,group,258,14,attribution-positive,span,
GUM_conversation_christmas,group,259,243,evaluation-comment,span,
GUM_conversation_christmas,group,260,261,span,span,
GUM_conversation_christmas,group,261,262,span,span,
GUM_conversation_christmas,group,262,263,span,span,
GUM_conversation_christmas,group,263,244,elaboration-additional,span,
GUM_conversation_christmas,group,264,260,organization-phatic,span,
GUM_conversation_christmas,group,265,261,evaluation-comment,multinuc,
GUM_conversation_christmas,group,266,265,joint-list,span,
GUM_conversation_christmas,group,267,268,span,span,
GUM_conversation_christmas,group,268,269,restatement-repetition,span,
GUM_conversation_christmas,group,269,22,adversative-concession,multinuc,
GUM_conversation_christmas,group,270,269,restatement-repetition,span,
GUM_conversation_christmas,group,271,262,restatement-partial,span,
GUM_conversation_christmas,group,272,273,span,multinuc,
GUM_conversation_christmas,group,273,274,span,span,
GUM_conversation_christmas,group,274,275,span,span,
GUM_conversation_christmas,group,275,276,span,span,
GUM_conversation_christmas,group,276,277,span,span,
GUM_conversation_christmas,group,277,245,context-background,span,
GUM_conversation_christmas,group,278,272,same-unit,span,
GUM_conversation_christmas,group,279,275,adversative-antithesis,span,
GUM_conversation_christmas,group,280,276,evaluation-comment,span,
GUM_conversation_christmas,group,281,282,organization-phatic,multinuc,
GUM_conversation_christmas,group,282,283,span,span,
GUM_conversation_christmas,group,283,284,span,span,
GUM_conversation_christmas,group,284,247,joint-other,span,
GUM_conversation_christmas,group,285,286,span,span,
GUM_conversation_christmas,group,286,283,elaboration-additional,span,
GUM_conversation_christmas,group,287,49,organization-phatic,multinuc,
GUM_conversation_christmas,group,288,289,span,span,
GUM_conversation_christmas,group,289,290,span,span,
GUM_conversation_christmas,group,290,247,joint-other,span,
GUM_conversation_christmas,group,291,292,restatement-repetition,span,
GUM_conversation_christmas,group,292,293,organization-preparation,multinuc,
GUM_conversation_christmas,group,293,294,span,span,
GUM_conversation_christmas,group,294,288,restatement-partial,span,
GUM_conversation_christmas,group,295,53,organization-phatic,multinuc,
GUM_conversation_christmas,group,296,297,joint-list,multinuc,
GUM_conversation_christmas,group,297,298,organization-preparation,multinuc,
GUM_conversation_christmas,group,298,299,span,span,
GUM_conversation_christmas,group,299,289,elaboration-additional,span,
GUM_conversation_christmas,group,300,301,organization-phatic,multinuc,
GUM_conversation_christmas,group,301,302,span,multinuc,
GUM_conversation_christmas,group,302,303,organization-preparation,span,
GUM_conversation_christmas,group,303,304,span,span,
GUM_conversation_christmas,group,304,305,span,span,
GUM_conversation_christmas,group,305,306,span,span,
GUM_conversation_christmas,group,306,247,joint-other,span,
GUM_conversation_christmas,group,307,69,organization-phatic,multinuc,
GUM_conversation_christmas,group,308,304,elaboration-additional,span,
GUM_conversation_christmas,group,309,72,organization-phatic,multinuc,
GUM_conversation_christmas,group,310,311,span,span,
GUM_conversation_christmas,group,311,312,joint-list,span,
GUM_conversation_christmas,group,312,305,evaluation-comment,multinuc,
GUM_conversation_christmas,group,313,314,span,multinuc,
GUM_conversation_christmas,group,314,315,span,span,
GUM_conversation_christmas,group,315,316,span,span,
GUM_conversation_christmas,group,316,310,explanation-evidence,span,
GUM_conversation_christmas,group,317,315,context-background,multinuc,
GUM_conversation_christmas,group,318,317,joint-disjunction,span,
GUM_conversation_christmas,group,319,312,joint-list,span,
GUM_conversation_christmas,group,320,84,evaluation-comment,multinuc,
GUM_conversation_christmas,group,321,322,span,span,
GUM_conversation_christmas,group,322,323,span,span,
GUM_conversation_christmas,group,323,324,span,span,
GUM_conversation_christmas,group,324,325,span,span,
GUM_conversation_christmas,group,325,326,span,span,
GUM_conversation_christmas,group,326,247,joint-other,span,
GUM_conversation_christmas,group,327,323,elaboration-additional,multinuc,
GUM_conversation_christmas,group,328,92,topic-question,span,
GUM_conversation_christmas,group,329,330,restatement-repetition,span,
GUM_conversation_christmas,group,330,325,elaboration-additional,multinuc,
GUM_conversation_christmas,group,331,330,restatement-repetition,span,
GUM_conversation_christmas,group,332,97,organization-phatic,multinuc,
GUM_conversation_christmas,group,333,334,span,span,
GUM_conversation_christmas,group,334,335,restatement-repetition,span,
GUM_conversation_christmas,group,335,336,span,multinuc,
GUM_conversation_christmas,group,336,337,span,span,
GUM_conversation_christmas,group,337,106,explanation-motivation,span,
GUM_conversation_christmas,group,338,339,span,span,
GUM_conversation_christmas,group,339,340,span,span,
GUM_conversation_christmas,group,340,341,span,span,
GUM_conversation_christmas,group,341,342,span,span,
GUM_conversation_christmas,group,342,343,span,span,
GUM_conversation_christmas,group,343,247,joint-other,span,
GUM_conversation_christmas,group,344,345,joint-list,span,
GUM_conversation_christmas,group,345,335,evaluation-comment,multinuc,
GUM_conversation_christmas,group,346,336,explanation-motivation,span,
GUM_conversation_christmas,group,347,338,restatement-partial,span,
GUM_conversation_christmas,group,348,349,span,span,
GUM_conversation_christmas,group,349,339,adversative-concession,span,
GUM_conversation_christmas,group,350,348,explanation-justify,span,
GUM_conversation_christmas,group,351,352,span,span,
GUM_conversation_christmas,group,352,116,explanation-motivation,span,
GUM_conversation_christmas,group,353,354,span,span,
GUM_conversation_christmas,group,354,355,span,span,
GUM_conversation_christmas,group,355,356,span,span,
GUM_conversation_christmas,group,356,357,span,span,
GUM_conversation_christmas,group,357,358,span,span,
GUM_conversation_christmas,group,358,340,elaboration-additional,span,
GUM_conversation_christmas,group,359,354,elaboration-additional,span,
GUM_conversation_christmas,group,360,361,span,span,
GUM_conversation_christmas,group,361,118,elaboration-additional,span,
GUM_conversation_christmas,group,362,360,span,span,
GUM_conversation_christmas,group,363,362,causal-cause,span,
GUM_conversation_christmas,group,364,365,explanation-justify,span,
GUM_conversation_christmas,group,365,366,span,span,
GUM_conversation_christmas,group,366,367,restatement-repetition,span,
GUM_conversation_christmas,group,367,368,joint-other,multinuc,
GUM_conversation_christmas,group,368,355,evaluation-comment,multinuc,
GUM_conversation_christmas,group,369,130,topic-question,span,
GUM_conversation_christmas,group,370,367,restatement-repetition,span,
GUM_conversation_christmas,group,371,372,joint-list,span,
GUM_conversation_christmas,group,372,368,joint-other,multinuc,
GUM_conversation_christmas,group,373,374,span,span,
GUM_conversation_christmas,group,374,375,span,span,
GUM_conversation_christmas,group,375,356,adversative-concession,span,
GUM_conversation_christmas,group,376,374,evaluation-comment,span,
GUM_conversation_christmas,group,377,357,evaluation-comment,multinuc,
GUM_conversation_christmas,group,378,379,restatement-repetition,span,
GUM_conversation_christmas,group,379,377,joint-other,multinuc,
GUM_conversation_christmas,group,380,379,restatement-repetition,span,
GUM_conversation_christmas,group,381,147,topic-question,span,
GUM_conversation_christmas,group,382,383,span,span,
GUM_conversation_christmas,group,383,341,evaluation-comment,span,
GUM_conversation_christmas,group,384,385,restatement-repetition,span,
GUM_conversation_christmas,group,385,386,organization-phatic,multinuc,
GUM_conversation_christmas,group,386,387,span,span,
GUM_conversation_christmas,group,387,388,organization-phatic,span,
GUM_conversation_christmas,group,388,389,span,span,
GUM_conversation_christmas,group,389,342,explanation-evidence,span,
GUM_conversation_christmas,group,390,385,restatement-repetition,span,
GUM_conversation_christmas,group,391,388,span,multinuc,
GUM_conversation_christmas,group,392,391,evaluation-comment,span,
GUM_conversation_christmas,group,393,394,span,span,
GUM_conversation_christmas,group,394,395,span,span,
GUM_conversation_christmas,group,395,396,span,span,
GUM_conversation_christmas,group,396,247,joint-other,span,
GUM_conversation_christmas,group,397,398,topic-question,span,
GUM_conversation_christmas,group,398,399,span,span,
GUM_conversation_christmas,group,399,393,restatement-partial,span,
GUM_conversation_christmas,group,400,401,span,span,
GUM_conversation_christmas,group,401,402,explanation-justify,span,
GUM_conversation_christmas,group,402,403,span,span,
GUM_conversation_christmas,group,403,404,topic-question,span,
GUM_conversation_christmas,group,404,405,span,multinuc,
GUM_conversation_christmas,group,405,406,span,span,
GUM_conversation_christmas,group,406,407,span,span,
GUM_conversation_christmas,group,407,395,elaboration-additional,span,
GUM_conversation_christmas,group,408,400,span,multinuc,
GUM_conversation_christmas,group,409,171,context-circumstance,multinuc,
GUM_conversation_christmas,group,410,411,span,span,
GUM_conversation_christmas,group,411,412,span,span,
GUM_conversation_christmas,group,412,405,elaboration-additional,span,
GUM_conversation_christmas,group,413,414,span,span,
GUM_conversation_christmas,group,414,411,context-background,span,
GUM_conversation_christmas,group,415,413,causal-cause,span,
GUM_conversation_christmas,group,416,417,span,span,
GUM_conversation_christmas,group,417,418,adversative-antithesis,span,
GUM_conversation_christmas,group,418,419,span,span,
GUM_conversation_christmas,group,419,420,span,span,
GUM_conversation_christmas,group,420,406,evaluation-comment,span,
GUM_conversation_christmas,group,421,422,span,span,
GUM_conversation_christmas,group,422,423,span,span,
GUM_conversation_christmas,group,423,424,span,span,
GUM_conversation_christmas,group,424,425,joint-sequence,span,
GUM_conversation_christmas,group,425,247,joint-other,multinuc,
GUM_conversation_christmas,group,426,427,span,span,
GUM_conversation_christmas,group,427,422,evaluation-comment,span,
GUM_conversation_christmas,group,428,426,elaboration-additional,span,
GUM_conversation_christmas,group,429,430,restatement-repetition,span,
GUM_conversation_christmas,group,430,431,span,multinuc,
GUM_conversation_christmas,group,431,423,evaluation-comment,span,
GUM_conversation_christmas,group,432,430,restatement-repetition,span,
GUM_conversation_christmas,group,433,434,topic-question,span,
GUM_conversation_christmas,group,434,435,span,span,
GUM_conversation_christmas,group,435,436,span,span,
GUM_conversation_christmas,group,436,430,elaboration-additional,span,
GUM_conversation_christmas,group,437,202,elaboration-additional,span,
GUM_conversation_christmas,group,438,439,span,span,
GUM_conversation_christmas,group,439,425,joint-sequence,span,
GUM_conversation_christmas,group,440,441,span,span,
GUM_conversation_christmas,group,441,442,span,span,
GUM_conversation_christmas,group,442,206,elaboration-additional,span,
GUM_conversation_christmas,group,443,444,span,span,
GUM_conversation_christmas,group,444,441,adversative-concession,span,
GUM_conversation_christmas,group,445,438,evaluation-comment,span,
GUM_conversation_christmas,group,446,217,organization-phatic,multinuc,
GUM_conversation_christmas,group,447,218,topic-question,span,
GUM_conversation_christmas,group,448,449,restatement-repetition,span,
GUM_conversation_christmas,group,449,450,span,multinuc,
GUM_conversation_christmas,group,450,451,span,span,
GUM_conversation_christmas,group,451,247,joint-other,span,
GUM_conversation_christmas,group,452,453,restatement-repetition,span,
GUM_conversation_christmas,group,453,449,restatement-repetition,multinuc,
GUM_conversation_christmas,group,454,453,restatement-repetition,span,
GUM_conversation_christmas,group,455,449,organization-phatic,multinuc,
GUM_conversation_christmas,group,456,457,span,span,
GUM_conversation_christmas,group,457,458,span,span,
GUM_conversation_christmas,group,458,459,span,span,
GUM_conversation_christmas,group,459,450,elaboration-additional,span,
GUM_conversation_christmas,group,460,226,purpose-goal,multinuc,
GUM_conversation_christmas,group,461,462,span,span,
GUM_conversation_christmas,group,462,463,span,span,
GUM_conversation_christmas,group,463,458,explanation-motivation,span,
GUM_conversation_christmas,group,464,465,span,span,
GUM_conversation_christmas,group,465,466,context-background,span,
GUM_conversation_christmas,group,466,467,span,span,
GUM_conversation_christmas,group,467,247,joint-other,span,
GUM_conversation_christmas,group,468,466,span,span,
GUM_conversation_christmas,group,469,470,context-background,span,
GUM_conversation_christmas,group,470,468,span,span,
GUM_fiction_giants,segment,1,79,organization-heading,,The Valley of Giants
GUM_fiction_giants,segment,2,81,joint-list,,I had buried my parents in their gray marble mausoleum at the heart of the city .
GUM_fiction_giants,segment,3,86,span,,"I had buried my husband in a lead box sunk into the mud of the bottom of the river ,"
GUM_fiction_giants,segment,4,3,elaboration-attribute,,where all the riverboatmen lie .
GUM_fiction_giants,segment,5,87,span,,"And after the war , I had buried my children , all four , in white linen shrouds in the new graveyards"
GUM_fiction_giants,segment,6,88,span,,plowed into what used to be our farmland :
GUM_fiction_giants,segment,7,6,elaboration-attribute,,all the land stretching from the river delta to the hills .
GUM_fiction_giants,segment,8,89,span,,I had one granddaughter
GUM_fiction_giants,segment,9,8,elaboration-attribute,,who survived the war .
GUM_fiction_giants,segment,10,91,span,,I saw her sometimes :
GUM_fiction_giants,segment,11,93,joint-list,,"in a bright pink dress ,"
GUM_fiction_giants,segment,12,93,joint-list,,"a sparkling drink in her hand ,"
GUM_fiction_giants,segment,13,93,joint-list,,"on the arm of some foreign officer with brocade on his shoulders , at the edge of a marble patio ."
GUM_fiction_giants,segment,14,94,span,,She never looked back at me —
GUM_fiction_giants,segment,15,14,causal-cause,,"poverty and failure and political disrepute being all , these days , contagious and synonymous ."
GUM_fiction_giants,segment,16,95,joint-list,,"The young were mostly dead ,"
GUM_fiction_giants,segment,17,97,span,,"and the old men had been taken away ,"
GUM_fiction_giants,segment,18,17,attribution-positive,,"they told us ,"
GUM_fiction_giants,segment,19,99,joint-sequence,,to learn important new things
GUM_fiction_giants,segment,20,100,span,,and to come back
GUM_fiction_giants,segment,21,20,context-circumstance,,when they were ready to contribute fully .
GUM_fiction_giants,segment,22,96,span,,So it was a city of grandmothers .
GUM_fiction_giants,segment,23,101,span,,And it was in a grandmother bar by the waterfront
GUM_fiction_giants,segment,24,23,context-circumstance,,— sipping hot tea with rum and watching over the shoulders of dockworkers playing mah - jongg —
GUM_fiction_giants,segment,25,102,same-unit,,that I first heard of the valley of giants .
GUM_fiction_giants,segment,26,105,span,,"We all laughed at the idea , except for a chemist with a crooked nose and rouge caked in the creases of her face ,"
GUM_fiction_giants,segment,27,26,elaboration-attribute,,who was incensed .
GUM_fiction_giants,segment,28,106,span,,“ We live in the modern era ! ”
GUM_fiction_giants,segment,29,28,attribution-positive,,she cried .
GUM_fiction_giants,segment,30,107,span,,"“ You should be ashamed of yourself ! """
GUM_fiction_giants,segment,31,108,span,,The traveler stood up from the table .
GUM_fiction_giants,segment,32,109,joint-list,,"She was bony and rough - skinned and bent like an old crow , with a blue silk scarf and hanks of hair as black as soot ."
GUM_fiction_giants,segment,33,109,joint-list,,Her eyes were veined with red .
GUM_fiction_giants,segment,34,110,span,,"“ Nonetheless , ”"
GUM_fiction_giants,segment,35,34,attribution-positive,,"the traveler said ,"
GUM_fiction_giants,segment,36,103,joint-sequence,,and she walked out .
GUM_fiction_giants,segment,37,111,span,,They were laughing at the chemist as well as at the traveler .
GUM_fiction_giants,segment,38,113,span,,"To find anyone still proud , anyone"
GUM_fiction_giants,segment,39,38,elaboration-attribute,,"who believed in giants or shame ,"
GUM_fiction_giants,segment,40,114,same-unit,,was hilarious .
GUM_fiction_giants,segment,41,115,span,,The air of the bar was acrid with triumph .
GUM_fiction_giants,segment,42,116,span,,Finding someone even more vulnerable and foolish
GUM_fiction_giants,segment,43,42,adversative-antithesis,,"than we were ,"
GUM_fiction_giants,segment,44,116,context-circumstance,,after everything had been taken from us —
GUM_fiction_giants,segment,45,117,evaluation-comment,,that was a delight .
GUM_fiction_giants,segment,46,119,span,,"But I followed the traveler , into the wet streets ."
GUM_fiction_giants,segment,47,121,joint-list,,The smell of fish oozed from the docks .
GUM_fiction_giants,segment,48,121,joint-list,,Here and there were bits of charred debris in the gutters .
GUM_fiction_giants,segment,49,120,joint-sequence,,I caught her at her door .
GUM_fiction_giants,segment,50,122,span,,She invited me in for tea and massage .
GUM_fiction_giants,segment,51,123,joint-other,,"Her limbs were weathered and ringed , like the branches of trees in the dry country ."
GUM_fiction_giants,segment,52,124,span,,She smelled like honey
GUM_fiction_giants,segment,53,52,elaboration-attribute,,"that has been kept a while in a dark room ,"
GUM_fiction_giants,segment,54,124,elaboration-additional,,a little fermented .
GUM_fiction_giants,segment,55,125,evaluation-comment,,A heady smell .
GUM_fiction_giants,segment,56,57,context-circumstance,,"In the morning , brilliant sunlight scoured the walls and the floor ,"
GUM_fiction_giants,segment,57,127,span,,and the traveler and her pack were gone .
GUM_fiction_giants,segment,58,129,span,,I hurried home .
GUM_fiction_giants,segment,59,131,span,,My house had survived the war
GUM_fiction_giants,segment,60,59,mode-manner,,"with all its brown clay walls intact ,"
GUM_fiction_giants,segment,61,131,adversative-concession,,though the garden and the courtyard were a heap of blackened rubble .
GUM_fiction_giants,segment,62,129,elaboration-additional,,My house was empty and cold .
GUM_fiction_giants,segment,63,128,joint-sequence,,"I packed six loaves of flatbread , some olives , a hard cheese , one nice dress , walking clothes , my pills and glasses , a jug of wine , a can-teen of water , and a kitchen knife ."
GUM_fiction_giants,segment,64,133,span,,"I sat in the shadow in my living room for a while ,"
GUM_fiction_giants,segment,65,134,span,,looking at the amorphous mass of the blanket
GUM_fiction_giants,segment,66,65,elaboration-attribute,,I had been crocheting .
GUM_fiction_giants,segment,67,135,organization-preparation,,That granddaughter :
GUM_fiction_giants,segment,68,135,joint-list,,"her parents both worked in the vineyards ,"
GUM_fiction_giants,segment,69,137,same-unit,,and
GUM_fiction_giants,segment,70,71,context-circumstance,,"when she was a child ,"
GUM_fiction_giants,segment,71,138,span,,she would play in my courtyard in the after - noons .
GUM_fiction_giants,segment,72,73,context-circumstance,,"When she scraped her knees bloody on the stones ,"
GUM_fiction_giants,segment,73,139,span,,she refused to cry .
GUM_fiction_giants,segment,74,141,span,,She would cry from frustration
GUM_fiction_giants,segment,75,142,span,,when the older children could do something
GUM_fiction_giants,segment,76,75,elaboration-attribute,,that she could n't —
GUM_fiction_giants,segment,77,144,joint-disjunction,,"like tie knots ,"
GUM_fiction_giants,segment,78,144,joint-disjunction,,or catch a chicken .
GUM_fiction_giants,group,79,80,span,span,
GUM_fiction_giants,group,80,,,span,
GUM_fiction_giants,group,81,82,adversative-contrast,multinuc,
GUM_fiction_giants,group,82,83,joint-other,multinuc,
GUM_fiction_giants,group,83,84,context-background,multinuc,
GUM_fiction_giants,group,84,85,span,multinuc,
GUM_fiction_giants,group,85,79,span,span,
GUM_fiction_giants,group,86,81,joint-list,span,
GUM_fiction_giants,group,87,81,joint-list,span,
GUM_fiction_giants,group,88,5,elaboration-attribute,span,
GUM_fiction_giants,group,89,90,span,span,
GUM_fiction_giants,group,90,82,adversative-contrast,span,
GUM_fiction_giants,group,91,92,joint-sequence,span,
GUM_fiction_giants,group,92,89,elaboration-additional,multinuc,
GUM_fiction_giants,group,93,10,elaboration-additional,multinuc,
GUM_fiction_giants,group,94,92,joint-sequence,span,
GUM_fiction_giants,group,95,22,context-background,multinuc,
GUM_fiction_giants,group,96,83,joint-other,span,
GUM_fiction_giants,group,97,98,span,span,
GUM_fiction_giants,group,98,95,joint-list,span,
GUM_fiction_giants,group,99,97,purpose-goal,multinuc,
GUM_fiction_giants,group,100,99,joint-sequence,span,
GUM_fiction_giants,group,101,102,same-unit,span,
GUM_fiction_giants,group,102,103,joint-sequence,multinuc,
GUM_fiction_giants,group,103,104,span,multinuc,
GUM_fiction_giants,group,104,84,joint-sequence,span,
GUM_fiction_giants,group,105,103,joint-sequence,span,
GUM_fiction_giants,group,106,30,explanation-justify,span,
GUM_fiction_giants,group,107,103,joint-sequence,span,
GUM_fiction_giants,group,108,103,joint-sequence,span,
GUM_fiction_giants,group,109,31,elaboration-additional,multinuc,
GUM_fiction_giants,group,110,103,joint-sequence,span,
GUM_fiction_giants,group,111,112,joint-list,span,
GUM_fiction_giants,group,112,103,causal-result,multinuc,
GUM_fiction_giants,group,113,114,same-unit,span,
GUM_fiction_giants,group,114,37,causal-cause,multinuc,
GUM_fiction_giants,group,115,112,joint-list,span,
GUM_fiction_giants,group,116,117,span,span,
GUM_fiction_giants,group,117,118,span,span,
GUM_fiction_giants,group,118,41,causal-cause,span,
GUM_fiction_giants,group,119,120,joint-sequence,span,
GUM_fiction_giants,group,120,84,joint-sequence,multinuc,
GUM_fiction_giants,group,121,46,elaboration-additional,multinuc,
GUM_fiction_giants,group,122,120,joint-sequence,span,
GUM_fiction_giants,group,123,50,elaboration-additional,multinuc,
GUM_fiction_giants,group,124,125,span,span,
GUM_fiction_giants,group,125,126,span,span,
GUM_fiction_giants,group,126,123,joint-other,span,
GUM_fiction_giants,group,127,128,joint-sequence,span,
GUM_fiction_giants,group,128,84,joint-sequence,multinuc,
GUM_fiction_giants,group,129,130,span,span,
GUM_fiction_giants,group,130,128,joint-sequence,span,
GUM_fiction_giants,group,131,132,span,span,
GUM_fiction_giants,group,132,58,context-background,span,
GUM_fiction_giants,group,133,128,joint-sequence,span,
GUM_fiction_giants,group,134,64,elaboration-additional,span,
GUM_fiction_giants,group,135,136,span,multinuc,
GUM_fiction_giants,group,136,85,context-background,span,
GUM_fiction_giants,group,137,135,joint-list,multinuc,
GUM_fiction_giants,group,138,137,same-unit,span,
GUM_fiction_giants,group,139,140,adversative-contrast,span,
GUM_fiction_giants,group,140,135,joint-list,multinuc,
GUM_fiction_giants,group,141,140,adversative-contrast,span,
GUM_fiction_giants,group,142,143,span,span,
GUM_fiction_giants,group,143,74,context-circumstance,span,
GUM_fiction_giants,group,144,142,elaboration-attribute,multinuc,
